Timestamp,Level,Message
2024-12-14 21:19:31,DEBUG,[DEBUG] 2024-12-01 14:10:30 - Service: Payment - TransactionID: 98768 - Message: Payment processed
2024-12-14 21:19:38,DEBUG,[DEBUG] 2024-12-01 14:30:10 - Service: Notification - MessageID: 112233 - Message: Notification sent
2024-12-14 21:19:50,DEBUG,[DEBUG] 2024-12-01 09:10:25 - Service: Payment - TransactionID: 12234 - Message: Payment processed
2024-12-14 21:20:06,DEBUG,[DEBUG] 2024-12-01 09:30:20 - Service: Notification - MessageID: 11245 - Message: Notification sent
2024-12-14 21:20:18,DEBUG,[DEBUG] 2024-12-01 09:45:35 - Service: Analytics - MessageID: 22345 - Message: Data processing complete
2024-12-14 21:20:34,DEBUG,[DEBUG] 2024-12-01 10:05:10 - Service: Reporting - ReportID: 50001 - Message: Monthly report generated
2024-12-14 21:20:50,DEBUG,[DEBUG] 2024-12-01 10:25:50 - Service: API - RequestID: 30325 - Message: API response sent
2024-12-14 21:21:06,DEBUG,[DEBUG] 2024-12-01 10:45:20 - Service: Payment - TransactionID: 12345 - Message: Transaction verification complete
2024-12-14 21:21:22,DEBUG,[DEBUG] 2024-12-01 11:05:30 - Service: Analytics - MessageID: 50012 - Message: Analytics data updated
2024-12-14 21:21:38,DEBUG,[DEBUG] 2024-12-01 11:25:50 - Service: Payment - TransactionID: 20210 - Message: Refund processed
2024-12-14 21:21:54,DEBUG,[DEBUG] 2024-12-01 11:45:10 - Service: API - RequestID: 50555 - Message: Successful response
2024-12-14 21:22:10,DEBUG,[DEBUG] 2024-12-01 14:10:30 - Service: Payment - TransactionID: 98768 - Message: Payment processed
2024-12-14 21:22:26,DEBUG,[DEBUG] 2024-12-01 14:30:10 - Service: Notification - MessageID: 112233 - Message: Notification sent
2024-12-14 21:22:38,DEBUG,[DEBUG] 2024-12-01 09:10:25 - Service: Payment - TransactionID: 12234 - Message: Payment processed
2024-12-14 21:22:54,DEBUG,[DEBUG] 2024-12-01 09:30:20 - Service: Notification - MessageID: 11245 - Message: Notification sent
2024-12-14 21:23:06,DEBUG,[DEBUG] 2024-12-01 09:45:35 - Service: Analytics - MessageID: 22345 - Message: Data processing complete
2024-12-14 21:23:22,DEBUG,[DEBUG] 2024-12-01 10:05:10 - Service: Reporting - ReportID: 50001 - Message: Monthly report generated
2024-12-14 21:23:38,DEBUG,[DEBUG] 2024-12-01 10:25:50 - Service: API - RequestID: 30325 - Message: API response sent
2024-12-14 21:23:54,DEBUG,[DEBUG] 2024-12-01 10:45:20 - Service: Payment - TransactionID: 12345 - Message: Transaction verification complete
2024-12-14 21:24:10,DEBUG,[DEBUG] 2024-12-01 11:05:30 - Service: Analytics - MessageID: 50012 - Message: Analytics data updated
2024-12-14 21:24:26,DEBUG,[DEBUG] 2024-12-01 11:25:50 - Service: Payment - TransactionID: 20210 - Message: Refund processed
2024-12-14 21:24:42,DEBUG,[DEBUG] 2024-12-01 11:45:10 - Service: API - RequestID: 50555 - Message: Successful response
2024-12-14 21:24:58,DEBUG,[DEBUG] 2024-12-01 14:10:30 - Service: Payment - TransactionID: 98768 - Message: Payment processed
2024-12-14 21:25:14,DEBUG,[DEBUG] 2024-12-01 14:30:10 - Service: Notification - MessageID: 112233 - Message: Notification sent
2024-12-14 21:25:26,DEBUG,[DEBUG] 2024-12-01 09:10:25 - Service: Payment - TransactionID: 12234 - Message: Payment processed
2024-12-14 21:25:42,DEBUG,[DEBUG] 2024-12-01 09:30:20 - Service: Notification - MessageID: 11245 - Message: Notification sent
2024-12-14 21:25:54,DEBUG,[DEBUG] 2024-12-01 09:45:35 - Service: Analytics - MessageID: 22345 - Message: Data processing complete
2024-12-14 21:26:10,DEBUG,[DEBUG] 2024-12-01 10:05:10 - Service: Reporting - ReportID: 50001 - Message: Monthly report generated
2024-12-14 21:26:26,DEBUG,[DEBUG] 2024-12-01 10:25:50 - Service: API - RequestID: 30325 - Message: API response sent
2024-12-14 21:26:43,DEBUG,[DEBUG] 2024-12-01 10:45:20 - Service: Payment - TransactionID: 12345 - Message: Transaction verification complete
2024-12-14 21:26:58,DEBUG,[DEBUG] 2024-12-01 11:05:30 - Service: Analytics - MessageID: 50012 - Message: Analytics data updated
2024-12-14 21:27:14,DEBUG,[DEBUG] 2024-12-01 11:25:50 - Service: Payment - TransactionID: 20210 - Message: Refund processed
2024-12-14 21:27:30,DEBUG,[DEBUG] 2024-12-01 11:45:10 - Service: API - RequestID: 50555 - Message: Successful response
2024-12-14 21:27:46,DEBUG,[DEBUG] 2024-12-01 14:10:30 - Service: Payment - TransactionID: 98768 - Message: Payment processed
2024-12-14 21:28:02,DEBUG,[DEBUG] 2024-12-01 14:30:10 - Service: Notification - MessageID: 112233 - Message: Notification sent
2024-12-14 21:28:14,DEBUG,[DEBUG] 2024-12-01 09:10:25 - Service: Payment - TransactionID: 12234 - Message: Payment processed
2024-12-14 21:28:30,DEBUG,[DEBUG] 2024-12-01 09:30:20 - Service: Notification - MessageID: 11245 - Message: Notification sent
2024-12-14 21:28:42,DEBUG,[DEBUG] 2024-12-01 09:45:35 - Service: Analytics - MessageID: 22345 - Message: Data processing complete
2024-12-14 21:28:58,DEBUG,[DEBUG] 2024-12-01 10:05:10 - Service: Reporting - ReportID: 50001 - Message: Monthly report generated
2024-12-14 21:29:14,DEBUG,[DEBUG] 2024-12-01 10:25:50 - Service: API - RequestID: 30325 - Message: API response sent
2024-12-14 21:29:30,DEBUG,[DEBUG] 2024-12-01 10:45:20 - Service: Payment - TransactionID: 12345 - Message: Transaction verification complete
2024-12-14 21:29:46,DEBUG,[DEBUG] 2024-12-01 11:05:30 - Service: Analytics - MessageID: 50012 - Message: Analytics data updated
2024-12-14 21:30:02,DEBUG,[DEBUG] 2024-12-01 11:25:50 - Service: Payment - TransactionID: 20210 - Message: Refund processed
2024-12-14 21:30:18,DEBUG,[DEBUG] 2024-12-01 11:45:10 - Service: API - RequestID: 50555 - Message: Successful response
2024-12-14 21:30:34,DEBUG,[DEBUG] 2024-12-01 14:10:30 - Service: Payment - TransactionID: 98768 - Message: Payment processed
2024-12-14 21:30:50,DEBUG,[DEBUG] 2024-12-01 14:30:10 - Service: Notification - MessageID: 112233 - Message: Notification sent
2024-12-14 21:31:02,DEBUG,[DEBUG] 2024-12-01 09:10:25 - Service: Payment - TransactionID: 12234 - Message: Payment processed
2024-12-14 21:31:18,DEBUG,[DEBUG] 2024-12-01 09:30:20 - Service: Notification - MessageID: 11245 - Message: Notification sent
2024-12-14 21:31:30,DEBUG,[DEBUG] 2024-12-01 09:45:35 - Service: Analytics - MessageID: 22345 - Message: Data processing complete
2024-12-14 21:31:46,DEBUG,[DEBUG] 2024-12-01 10:05:10 - Service: Reporting - ReportID: 50001 - Message: Monthly report generated
2024-12-14 21:32:02,DEBUG,[DEBUG] 2024-12-01 10:25:50 - Service: API - RequestID: 30325 - Message: API response sent
2024-12-14 21:32:18,DEBUG,[DEBUG] 2024-12-01 10:45:20 - Service: Payment - TransactionID: 12345 - Message: Transaction verification complete
